count_with_data,tag,unique_exact,unique_exact_ratio,unique_wl,unique_wl_ratio
27,ADD,27,1.0,0,0.0
33,Clique,10,0.30303030303030304,6,0.18181818181818182
31,Factor,25,0.8064516129032258,0,0.0
57,KColor,8,0.14035087719298245,8,0.14035087719298245
70,MIS,19,0.2714285714285714,10,0.14285714285714285
25,MUL,21,0.84,0,0.0
68,MaxCut,21,0.3088235294117647,15,0.22058823529411764
26,SUB,25,0.9615384615384616,0,0.0
44,TSP,11,0.25,8,0.18181818181818182
47,VC,17,0.3617021276595745,10,0.2127659574468085
